aliMallSeller,anony,appendComment,attributes,attributesMap,aucNumId,auctionPicUrl,auctionSku,buyCount,carServiceLocation,cmsSource,displayRatePic,displayRateSum,displayUserLink,displayUserNick,displayUserNumId,displayUserRateLink,dsr,fromMall,fromMemory,gmtCreateTime,goldUser,headExtraPic,id,memberIcon,pics,picsSmall,position,rateContent,rateDate,reply,sellerId,serviceRateContent,structuredRateList,tamllSweetLevel,tmallSweetPic,tradeEndTime,useful,userIdEncryption,userInfo,userVipLevel,userVipPic
False,True,,,,0,,,0,,天猫,,0,,o***二,0,,0,True,0,"{u'seconds': 23, u'time': 1568694683000, u'month': 8, u'hours': 12, u'year': 119, u'date': 17, u'minutes': 31, u'day': 2, u'timezoneOffset': -480}",False,,1058472325334,,[],[],,之前买的经典~官网说今年4月已经停产了~这款是替换经典的~,2019-09-17 12:31:23,您好，感谢您的支持哈~很高兴启赋又将多了一位常客~使您满意是我们最大的心愿，您有任何需要欢迎随时联系我们哦~~，也请您有空常来我们启赋官方旗舰店看看哦~,2104900096,,[],0,,"{u'seconds': 11, u'time': 1568682551000, u'month': 8, u'hours': 9, u'year': 119, u'date': 17, u'minutes': 9, u'day': 2, u'timezoneOffset': -480}",True,,,0,
False,True,,,,0,,,0,,天猫,,0,,1***t,0,,0,True,0,"{u'seconds': 19, u'time': 1568613019000, u'month': 8, u'hours': 13, u'year': 119, u'date': 16, u'minutes': 50, u'day': 1, u'timezoneOffset': -480}",True,,1058746563663,,[],[],,奶粉可能是好的 就是不适合我家宝宝 还是好评吧,2019-09-16 13:50:19,感谢您对启赋的支持，有任何不满意亲亲可以与我们联系~我们会竭诚为您服务哒~,2104900096,,[],0,,"{u'seconds': 52, u'time': 1567588672000, u'month': 8, u'hours': 17, u'year': 119, u'date': 4, u'minutes': 17, u'day': 3, u'timezoneOffset': -480}",True,,,0,
False,True,,,,0,,,0,,天猫,,0,,y***p,0,,0,True,0,"{u'seconds': 39, u'time': 1567757559000, u'month': 8, u'hours': 16, u'year': 119, u'date': 6, u'minutes': 12, u'day': 5, u'timezoneOffset': -480}",False,,1057074928920,,"[//img.alicdn.com/bao/uploaded/i4/O1CN01XDZjcb1Z9CYnKxSIZ_!!0-rate.jpg, //img.alicdn.com/bao/uploaded/i4/O1CN01LXRhOe1Z9CYnlCnbP_!!0-rate.jpg, //img.alicdn.com/bao/uploaded/i2/O1CN01iA9nCq1Z9CYoUKYoT_!!0-rate.jpg]",[],,溶解性：很好。,2019-09-06 16:12:39,亲爱的，感谢您对我们启赋的支持和关注，惠氏致力研发以科学为本的优质营养品，以满足婴幼儿、孕妇和授乳母亲之需要。作为婴幼儿营养品的领导者，我们的使命是透过提供最佳的营养以促进健康。选择启赋绝对是您的明智之选！,2104900096,启赋的忠实粉丝，大品牌，品控好，而且旗舰店买也比较划算。买之前记得咨询客服，了解一下宝宝的情况适合啥样的，会有彩蛋，可以关注下。,[],1,tmall-grade-t1-18.png,"{u'seconds': 30, u'time': 1567750710000, u'month': 8, u'hours': 14, u'year': 119, u'date': 6, u'minutes': 18, u'day': 5, u'timezoneOffset': -480}",True,,,0,
False,False,,,,0,,,0,,天猫,,0,,纯***猪,0,,0,True,0,"{u'seconds': 34, u'time': 1567757014000, u'month': 8, u'hours': 16, u'year': 119, u'date': 6, u'minutes': 3, u'day': 5, u'timezoneOffset': -480}",True,,1057073976419,,"[//img.alicdn.com/bao/uploaded/i4/O1CN01oaARmL1DJoBSttSQl_!!0-rate.jpg, //img.alicdn.com/bao/uploaded/i1/O1CN01PKdT9H1DJoBStteuI_!!0-rate.jpg, //img.alicdn.com/bao/uploaded/i2/O1CN01y01XRf1DJoBZxtGa6_!!0-rate.jpg, //img.alicdn.com/bao/uploaded/i1/O1CN01VY8LQ51DJoBaFBTOQ_!!0-rate.jpg, //img.alicdn.com/bao/uploaded/i1/O1CN017QuqGl1DJoBaVvtn5_!!0-rate.jpg]",[],,之前和医生主要说了孩子哭闹多的问题，推荐了这款奶粉。买回来果然没失望，宝宝喝了之后明显哭闹少了，晚上睡觉也安稳多了。,2019-09-06 16:03:34,感谢您对启赋的光顾和认可，您的满意是我们不懈的追求，非常感谢您的支持！期待您的再次光临，我们会一如既往的为您提供最优质的产品及服务。产品在使用的过程中有任何疑问随时联系我们哦，我们会竭力尽心为您服务O(&cap;_&cap;)O,2104900096,,[],4,tmall-grade-t4-18.png,"{u'seconds': 49, u'time': 1567750309000, u'month': 8, u'hours': 14, u'year': 119, u'date': 6, u'minutes': 11, u'day': 5, u'timezoneOffset': -480}",True,,,0,
False,True,,,,0,,,0,,天猫,,0,,t***5,0,,0,True,0,"{u'seconds': 17, u'time': 1567734077000, u'month': 8, u'hours': 9, u'year': 119, u'date': 6, u'minutes': 41, u'day': 5, u'timezoneOffset': -480}",False,,1057394846842,,"[//img.alicdn.com/bao/uploaded/i4/O1CN01q7uvlg1UTkFOlmpVI_!!0-rate.jpg, //img.alicdn.com/bao/uploaded/i1/O1CN01a1MaqU1UTkFPFHVSt_!!0-rate.jpg, //img.alicdn.com/bao/uploaded/i1/O1CN01MRiFdn1UTkFPgJaWK_!!0-rate.jpg]",[],,一直关注启赋奶粉，这次正好赶上升级。给宝宝喝了一段时间效果还不错，便便和喝母乳的时候差不多，也没有上火的表现。买之前记得先找客服，会有隐藏优惠！,2019-09-06 09:41:17,亲爱的，感谢您对我们启赋的支持和关注，惠氏致力研发以科学为本的优质营养品，以满足婴幼儿、孕妇和授乳母亲之需要。作为婴幼儿营养品的领导者，我们的使命是透过提供最佳的营养以促进健康。选择启赋绝对是您的明智之选！,2104900096,,[],3,tmall-grade-t3-18.png,"{u'seconds': 51, u'time': 1567733871000, u'month': 8, u'hours': 9, u'year': 119, u'date': 6, u'minutes': 37, u'day': 5, u'timezoneOffset': -480}",True,,,0,
False,True,,,,0,,,0,,天猫,,0,,冰***珠,0,,0,True,0,"{u'seconds': 35, u'time': 1567733555000, u'month': 8, u'hours': 9, u'year': 119, u'date': 6, u'minutes': 32, u'day': 5, u'timezoneOffset': -480}",True,,1057393574908,,"[//img.alicdn.com/bao/uploaded/i2/O1CN015kmtQa1MBPSrsgvlc_!!0-rate.jpg, //img.alicdn.com/bao/uploaded/i2/O1CN01wZF1aH1MBPSs9nO8u_!!0-rate.jpg, //img.alicdn.com/bao/uploaded/i2/O1CN01TTEwPr1MBPSs9nrGR_!!0-rate.jpg, //img.alicdn.com/bao/uploaded/i4/O1CN01mATIfT1MBPSs9nza9_!!0-rate.jpg, //img.alicdn.com/bao/uploaded/i2/O1CN01AW2FZt1MBPStJWqo8_!!0-rate.jpg]",[],,新手妈妈千挑万选，还是选了老牌启赋这次新升级的奶粉。宝宝喝了半个月了，不上火，拉的便便挺正常，也没闹过肚子。感觉选的还不错，会再观察看看。,2019-09-06 09:32:35,感谢你一如既往的支持，感谢你和我们一起见证启赋的辉煌，我们将不断完善，争取做的更好，回报你的厚爱，谢谢!,2104900096,,[],3,tmall-grade-t3-18.png,"{u'seconds': 16, u'time': 1567733476000, u'month': 8, u'hours': 9, u'year': 119, u'date': 6, u'minutes': 31, u'day': 5, u'timezoneOffset': -480}",True,,,0,
False,True,,,,0,,,0,,天猫,,0,,殇***轻,0,,0,True,0,"{u'seconds': 1, u'time': 1567733461000, u'month': 8, u'hours': 9, u'year': 119, u'date': 6, u'minutes': 31, u'day': 5, u'timezoneOffset': -480}",False,,1057201221954,,"[//img.alicdn.com/bao/uploaded/i1/O1CN01tDDNL61eowjpSJCu0_!!0-rate.jpg, //img.alicdn.com/bao/uploaded/i2/O1CN01kEzP571eowjpf9tft_!!0-rate.jpg, //img.alicdn.com/bao/uploaded/i3/O1CN01PrS7pZ1eowjrF6gVD_!!0-rate.jpg, //img.alicdn.com/bao/uploaded/i3/O1CN01LFWSXI1eowjsu9kAQ_!!0-rate.jpg, //img.alicdn.com/bao/uploaded/i3/O1CN01XVwM5X1eowjtqD1o9_!!0-rate.jpg]",[],,启赋奶粉是办公室很多妈妈的必备奶粉。我的母乳不够喝，问了下同事直接买了选了启赋这款奶粉。包装挺好的，娃刚开始喝，便便也和纯母乳时差不多，没有上火，品质应该不错。,2019-09-06 09:31:01,感谢您对启赋的光顾和认可，您的满意是我们不懈的追求，非常感谢您的支持！期待您的再次光临，我们会一如既往的为您提供最优质的产品及服务。产品在使用的过程中有任何疑问随时联系我们哦，我们会竭力尽心为您服务O(&cap;_&cap;)O,2104900096,,[],0,,"{u'seconds': 6, u'time': 1567733406000, u'month': 8, u'hours': 9, u'year': 119, u'date': 6, u'minutes': 30, u'day': 5, u'timezoneOffset': -480}",True,,,0,
False,True,,,,0,,,0,,天猫,,0,,z***6,0,,0,True,0,"{u'seconds': 46, u'time': 1567733446000, u'month': 8, u'hours': 9, u'year': 119, u'date': 6, u'minutes': 30, u'day': 5, u'timezoneOffset': -480}",False,,1057201413487,,"[//img.alicdn.com/bao/uploaded/i4/O1CN01BAMv6r2Ka1hN8D6GI_!!0-rate.jpg, //img.alicdn.com/bao/uploaded/i3/O1CN01xkL6VU2Ka1hNI0Ham_!!0-rate.jpg, //img.alicdn.com/bao/uploaded/i3/O1CN01C4SeCI2Ka1hPyBY4u_!!0-rate.jpg, //img.alicdn.com/bao/uploaded/i2/O1CN01ZCYgc92Ka1hPyBgOK_!!0-rate.jpg, //img.alicdn.com/bao/uploaded/i3/O1CN01Dg0Kn02Ka1hPyCLy7_!!0-rate.jpg]",[],,适用年龄：闺蜜强烈推荐启赋，说是肠道和睡眠都很好。挑奶粉太累了，还是听闺蜜的直接买了浅蓝色的升级版回来给娃喝喝看。奶粉溶解程度高，有好闻的奶香，感觉不错。,2019-09-06 09:30:46,感谢您对启赋的光顾和认可，您的满意是我们不懈的追求，非常感谢您的支持！期待您的再次光临，我们会一如既往的为您提供最优质的产品及服务。产品在使用的过程中有任何疑问随时联系我们哦，我们会竭力尽心为您服务O(&cap;_&cap;)O,2104900096,,[],3,tmall-grade-t3-18.png,"{u'seconds': 29, u'time': 1567733129000, u'month': 8, u'hours': 9, u'year': 119, u'date': 6, u'minutes': 25, u'day': 5, u'timezoneOffset': -480}",True,,,0,
False,True,,,,0,,,0,,天猫,,0,,z***a,0,,0,True,0,"{u'seconds': 11, u'time': 1567646831000, u'month': 8, u'hours': 9, u'year': 119, u'date': 5, u'minutes': 27, u'day': 4, u'timezoneOffset': -480}",False,,1057087677658,,"[//img.alicdn.com/bao/uploaded/i2/O1CN01LrTwB71ekpAqR0geg_!!0-rate.jpg, //img.alicdn.com/bao/uploaded/i4/O1CN01vEvS8R1ekpAqaSWNj_!!0-rate.jpg, //img.alicdn.com/bao/uploaded/i1/O1CN01KGoUmt1ekpAtkEVHM_!!0-rate.jpg]",[],,一直给宝宝喝启赋奶粉，这次看到新出了升级的奶粉就毫不犹豫买了，价格虽然贵但我觉得贵的肯定不会出错，在成分上肯定会更好。,2019-09-05 09:27:11,感谢您对启赋的光顾和认可，您的满意是我们不懈的追求，非常感谢您的支持！期待您的再次光临，我们会一如既往的为您提供最优质的产品及服务。产品在使用的过程中有任何疑问随时联系我们哦，我们会竭力尽心为您服务O(&cap;_&cap;)O,2104900096,,[],2,tmall-grade-t2-18.png,"{u'seconds': 13, u'time': 1567581013000, u'month': 8, u'hours': 15, u'year': 119, u'date': 4, u'minutes': 10, u'day': 3, u'timezoneOffset': -480}",True,,,0,
False,True,,,,0,,,0,,天猫,,0,,c***i,0,,0,True,0,"{u'seconds': 41, u'time': 1567644461000, u'month': 8, u'hours': 8, u'year': 119, u'date': 5, u'minutes': 47, u'day': 4, u'timezoneOffset': -480}",True,,1057458327231,,[//img.alicdn.com/bao/uploaded/i2/O1CN0182UqjV1gDxzXdkWta_!!0-rate.jpg],[],,启赋是大牌子了，贵总归有贵的道理，给娃总是要最好的。,2019-09-05 08:47:41,感谢您对启赋的支持，有任何不满意亲亲可以与我们联系~我们会竭诚为您服务哒~,2104900096,,[],4,tmall-grade-t4-18.png,"{u'seconds': 8, u'time': 1567644428000, u'month': 8, u'hours': 8, u'year': 119, u'date': 5, u'minutes': 47, u'day': 4, u'timezoneOffset': -480}",True,,,0,
False,True,,,,0,,,0,,天猫,,0,,l***多,0,,0,True,0,"{u'seconds': 59, u'time': 1567589819000, u'month': 8, u'hours': 17, u'year': 119, u'date': 4, u'minutes': 36, u'day': 3, u'timezoneOffset': -480}",False,,1056861492863,,"[//img.alicdn.com/bao/uploaded/i4/O1CN01olzDF11bTviNBsgOY_!!0-rate.jpg, //img.alicdn.com/bao/uploaded/i2/O1CN01KTyAjM1bTviUEyEBb_!!0-rate.jpg, //img.alicdn.com/bao/uploaded/i3/O1CN01hTMz1X1bTviUwHTtM_!!0-rate.jpg, //img.alicdn.com/bao/uploaded/i2/O1CN01gtPAwM1bTviWBBqVD_!!0-rate.jpg, //img.alicdn.com/bao/uploaded/i3/O1CN01JCR2Dv1bTviX7BMrk_!!0-rate.jpg]",[],,娃之前一到晚上就哭得厉害，我们根本睡不了。选择启赋也是因为有妈妈说孩子喝了睡觉情况好些了。现在娃喝的时间不长，但晚上闹的次数明细少了。再喝段时间，如果好的话就给孩子多囤一点。,2019-09-04 17:36:59,亲爱的，感谢您对我们启赋的支持和关注，惠氏致力研发以科学为本的优质营养品，以满足婴幼儿、孕妇和授乳母亲之需要。作为婴幼儿营养品的领导者，我们的使命是透过提供最佳的营养以促进健康。选择启赋绝对是您的明智之选！,2104900096,,[],0,,"{u'seconds': 15, u'time': 1567589295000, u'month': 8, u'hours': 17, u'year': 119, u'date': 4, u'minutes': 28, u'day': 3, u'timezoneOffset': -480}",True,,,0,
False,False,,,,0,,,0,,天猫,,0,,青***岚,0,,0,True,0,"{u'seconds': 18, u'time': 1567561578000, u'month': 8, u'hours': 9, u'year': 119, u'date': 4, u'minutes': 46, u'day': 3, u'timezoneOffset': -480}",False,,1056979169896,,"[//img.alicdn.com/bao/uploaded/i2/O1CN01d2bcxk1CD6mA11dI5_!!0-tmallfun.jpg, //img.alicdn.com/bao/uploaded/i1/O1CN01xBU2yA1WovndrtveI_!!0-tmallfun.jpg, //img.alicdn.com/bao/uploaded/i2/O1CN01LmFYCI1ZivS95mk75_!!0-tmallfun.jpg, //img.alicdn.com/bao/uploaded/i4/O1CN01aId54J1gCanhXs9bM_!!0-tmallfun.jpg, //img.alicdn.com/bao/uploaded/i1/O1CN01XbAFMt26htt1WAKf1_!!0-tmallfun.jpg]",[],,新品价格略贵，贵的自然有品质上的优势，感觉宝宝喝下来肠胃很好，身体也壮了。给娃的东西从来不敢随便，喝段时间再来追评。.^_^,2019-09-04 09:46:18,感谢您对启赋的支持，有任何不满意亲亲可以与我们联系~我们会竭诚为您服务哒~,2104900096,,[],3,tmall-grade-t3-18.png,"{u'seconds': 13, u'time': 1567561513000, u'month': 8, u'hours': 9, u'year': 119, u'date': 4, u'minutes': 45, u'day': 3, u'timezoneOffset': -480}",True,,,0,
False,True,,,,0,,,0,,天猫,,0,,s***3,0,,0,True,0,"{u'seconds': 46, u'time': 1567431586000, u'month': 8, u'hours': 21, u'year': 119, u'date': 2, u'minutes': 39, u'day': 1, u'timezoneOffset': -480}",False,,1056666748068,,"[//img.alicdn.com/bao/uploaded/i3/O1CN01CAIixr1LbgZL35ek5_!!0-rate.jpg, //img.alicdn.com/bao/uploaded/i1/O1CN01EOKR511LbgZPcFMfA_!!0-rate.jpg, //img.alicdn.com/bao/uploaded/i2/O1CN01zQwxwD1LbgZQnJ40x_!!0-rate.jpg, //img.alicdn.com/bao/uploaded/i1/O1CN01gQg6bF1LbgZQnKbdV_!!0-rate.jpg, //img.alicdn.com/bao/uploaded/i4/O1CN01JbPlct1LbgZSdaE5N_!!0-rate.jpg]",[],,听宝妈群里推荐的，之前喝过的都说宝宝睡眠好，也不会闹肚子和过敏，这次出了新品，买来试试，过段时间再来追评,2019-09-02 21:39:46,感谢您对启赋的光顾和认可，您的满意是我们不懈的追求，非常感谢您的支持！期待您的再次光临，我们会一如既往的为您提供最优质的产品及服务。产品在使用的过程中有任何疑问随时联系我们哦，我们会竭力尽心为您服务O(&cap;_&cap;)O,2104900096,,[],2,tmall-grade-t2-18.png,"{u'seconds': 41, u'time': 1567431521000, u'month': 8, u'hours': 21, u'year': 119, u'date': 2, u'minutes': 38, u'day': 1, u'timezoneOffset': -480}",True,,,0,
False,True,,,,0,,,0,,天猫,,0,,蜜***0,0,,0,True,0,"{u'seconds': 54, u'time': 1567397214000, u'month': 8, u'hours': 12, u'year': 119, u'date': 2, u'minutes': 6, u'day': 1, u'timezoneOffset': -480}",True,,1056599500883,,[],[],,我家宝宝喝惠氏的奶粉，上次医生说了宝宝晚上睡觉容易醒，就推荐了这款，果然晚上睡觉就不哭闹了,2019-09-02 12:06:54,感谢你一如既往的支持，感谢你和我们一起见证启赋的辉煌，我们将不断完善，争取做的更好，回报你的厚爱，谢谢!,2104900096,,[],3,tmall-grade-t3-18.png,"{u'seconds': 21, u'time': 1567397181000, u'month': 8, u'hours': 12, u'year': 119, u'date': 2, u'minutes': 6, u'day': 1, u'timezoneOffset': -480}",True,,,0,
False,True,,,,0,,,0,,天猫,,0,,沈***h,0,,0,True,0,"{u'seconds': 52, u'time': 1566972952000, u'month': 7, u'hours': 14, u'year': 119, u'date': 28, u'minutes': 15, u'day': 3, u'timezoneOffset': -480}",True,,1056619819022,,[],[],,姐姐养娃的时候就一直喝启赋奶粉。姐姐强烈推荐下，我给小祖宗买了外甥常喝的启赋升级版。喝了快1个月，排便通畅的，便便松软，也没出现肠胃问题~老姐的推荐还不错，再喝段时间给追评。,2019-08-28 14:15:52,感谢您对启赋的光顾和认可，您的满意是我们不懈的追求，非常感谢您的支持！期待您的再次光临，我们会一如既往的为您提供最优质的产品及服务。产品在使用的过程中有任何疑问随时联系我们哦，我们会竭力尽心为您服务O(&cap;_&cap;)O,2104900096,,[],3,tmall-grade-t3-18.png,"{u'seconds': 37, u'time': 1566972937000, u'month': 7, u'hours': 14, u'year': 119, u'date': 28, u'minutes': 15, u'day': 3, u'timezoneOffset': -480}",True,,,0,
False,True,,,,0,,,0,,天猫,,0,,唯***3,0,,0,True,0,"{u'seconds': 35, u'time': 1566818495000, u'month': 7, u'hours': 19, u'year': 119, u'date': 26, u'minutes': 21, u'day': 1, u'timezoneOffset': -480}",False,,1056443251561,,[//img.alicdn.com/bao/uploaded/i2/O1CN01soKnlU1lMHFrRcAXT_!!0-rate.jpg],[],,启赋奶粉是办公室很多妈妈的必备奶粉。我的母乳不够喝，问了下同事直接买了选了启赋这款奶粉。包装挺好的，娃刚开始喝，便便也和纯母乳时差不多，没有上火，品质应该不错。,2019-08-26 19:21:35,感谢你一如既往的支持，感谢你和我们一起见证启赋的辉煌，我们将不断完善，争取做的更好，回报你的厚爱，谢谢!,2104900096,,[],0,,"{u'seconds': 3, u'time': 1566818463000, u'month': 7, u'hours': 19, u'year': 119, u'date': 26, u'minutes': 21, u'day': 1, u'timezoneOffset': -480}",True,,,0,
